{"cameraMode":{"drawMode":0,"name":"Shaded","section":"Shading Mode"},"sceneLighting":true,"audioPlay":false,"sceneViewState":{"m_AlwaysRefresh":false,"showFog":true,"showSkybox":true,"showFlares":true,"showImageEffects":true,"showParticleSystems":true,"showVisualEffectGraphs":true,"m_FxEnabled":true},"in2DMode":false,"pivot":{"x":-0.29768532514572146,"y":-5.222300052642822,"z":43.23566436767578},"rotation":{"x":-0.18965089321136475,"y":0.00647827098146081,"z":-0.0012514832196757198,"w":-0.9818346500396729},"size":34.5208740234375,"orthographic":false}